first_side,second_side,deck_subject,deck_domain,deck_language_code,deck_language_name,deck_tags,notes,hint,flagged,state,missed,correct_streak,review_count,gender,original_marker,part_of_speech,accepted_answers
Which four gases are most abundant in dry air?,Nitrogen; oxygen; argon; carbon dioxide.,Chemistry,science,,,atmosphere,,,false,New,false,0,0,unknown,,,
Approximately what percentage of dry air is nitrogen by volume?,78%.,Chemistry,science,,,atmosphere,,,false,New,false,0,0,unknown,,,
Approximately what percentage of dry air is oxygen by volume?,21%.,Chemistry,science,,,atmosphere,,,false,New,false,0,0,unknown,,,
Approximately what percentage of dry air is argon by volume?,0.9%.,Chemistry,science,,,atmosphere,,,false,New,false,0,0,unknown,,,
Approximately what percentage of dry air is carbon dioxide by volume?,0.04%.,Chemistry,science,,,atmosphere,,,false,New,false,0,0,unknown,,,
What does dry air exclude?,Water vapour.,Chemistry,science,,,atmosphere,,,false,New,false,0,0,unknown,,,
Why is water vapour not given a fixed percentage in dry air?,Its amount varies with conditions and dry air excludes it.,Chemistry,science,,,atmosphere,,,false,New,false,0,0,unknown,,,
About how much oxygen is present in 200 cm3 of dry air?,42 cm3.,Chemistry,science,,,atmosphere,,,false,New,false,0,0,unknown,,,
Why does the air volume fall when damp iron wool rusts in a sealed tube?,Iron reacts with oxygen and removes it from the trapped air.,Chemistry,science,,,atmosphere,,,false,New,false,0,0,unknown,,,
What solid forms when iron reacts with oxygen during rusting?,Hydrated iron(III) oxide or rust.,Chemistry,science,,,atmosphere,,,false,New,false,0,0,unknown,,,
Give the word equation for iron reacting with oxygen to form an oxide.,Iron + oxygen → iron oxide.,Chemistry,science,,,atmosphere,,,false,New,false,0,0,unknown,,,
Why is iron wool dampened in the oxygen-in-air practical?,Water is needed for iron to rust readily.,Chemistry,science,,,atmosphere,,,false,New,false,0,0,unknown,,,
Why does water rise inside the inverted tube as iron wool rusts?,Oxygen is consumed so water occupies the lost gas volume.,Chemistry,science,,,atmosphere,,,false,New,false,0,0,unknown,,,
How is percentage oxygen calculated from trapped-air volumes?,Initial volume minus final volume divided by initial volume then multiplied by 100%.,Chemistry,science,,,atmosphere,,,false,New,false,0,0,unknown,,,
Air falls from 60 cm3 to 48 cm3 after rusting. What percentage was oxygen?,20%.,Chemistry,science,,,atmosphere,,,false,New,false,0,0,unknown,,,
Air falls from 100 cm3 to 79 cm3 after a reaction. What percentage was oxygen?,21%.,Chemistry,science,,,atmosphere,,,false,New,false,0,0,unknown,,,
Why wait until the gas volume stops changing in an oxygen-in-air practical?,To check that oxygen removal is complete.,Chemistry,science,,,atmosphere,,,false,New,false,0,0,unknown,,,
Why cool apparatus before reading gas volumes after a hot oxygen-removal reaction?,Hot gas expands and would give an inaccurate volume.,Chemistry,science,,,atmosphere,,,false,New,false,0,0,unknown,,,
How can a leak affect an oxygen percentage measured using trapped air?,Outside air may enter and make the measured volume decrease too small.,Chemistry,science,,,atmosphere,,,false,New,false,0,0,unknown,,,
Which non-metal can be burned to remove oxygen from trapped air?,Phosphorus.,Chemistry,science,,,atmosphere,,,false,New,false,0,0,unknown,,,
What oxide forms when phosphorus burns in excess oxygen?,Phosphorus(V) oxide.,Chemistry,science,,,atmosphere,,,false,New,false,0,0,unknown,,,
Why can water rise after phosphorus burns in trapped air?,Phosphorus uses oxygen and its oxide dissolves in water.,Chemistry,science,,,atmosphere,,,false,New,false,0,0,unknown,,,
Why compare gas volumes at the same temperature and pressure?,Gas volume changes with temperature and pressure independently of composition.,Chemistry,science,,,atmosphere,,,false,New,false,0,0,unknown,,,
Which gas makes up most of the air remaining after oxygen has been removed?,Nitrogen.,Chemistry,science,,,atmosphere,,,false,New,false,0,0,unknown,,,
What is the balanced equation for magnesium burning in oxygen?,2Mg + O2 → 2MgO.,Chemistry,science,,,atmosphere,,,false,New,false,0,0,unknown,,,
What is the characteristic appearance of burning magnesium?,A brilliant white flame.,Chemistry,science,,,atmosphere,,,false,New,false,0,0,unknown,,,
What colour solid is formed when magnesium burns in oxygen?,White magnesium oxide.,Chemistry,science,,,atmosphere,,,false,New,false,0,0,unknown,,,
What is the balanced equation for hydrogen burning in oxygen?,2H2 + O2 → 2H2O.,Chemistry,science,,,atmosphere,,,false,New,false,0,0,unknown,,,
What substance is produced when hydrogen combusts completely in oxygen?,Water.,Chemistry,science,,,atmosphere,,,false,New,false,0,0,unknown,,,
How could the water made by burning hydrogen be identified?,Anhydrous cobalt chloride paper turns from blue to pink.,Chemistry,science,,,atmosphere,,,false,New,false,0,0,unknown,,,
What is the balanced equation for sulfur burning in oxygen?,S + O2 → SO2.,Chemistry,science,,,atmosphere,,,false,New,false,0,0,unknown,,,
What colour flame does sulfur usually produce when it burns in oxygen?,Blue.,Chemistry,science,,,atmosphere,,,false,New,false,0,0,unknown,,,
What type of oxide is sulfur dioxide?,An acidic non-metal oxide.,Chemistry,science,,,atmosphere,,,false,New,false,0,0,unknown,,,
How does magnesium oxide differ from sulfur dioxide in acid-base character?,Magnesium oxide is basic; sulfur dioxide is acidic.,Chemistry,science,,,atmosphere,,,false,New,false,0,0,unknown,,,
What is thermal decomposition?,The breakdown of a compound by heating.,Chemistry,science,,,atmosphere,,,false,New,false,0,0,unknown,,,
What is the word equation for heating copper(II) carbonate?,Copper(II) carbonate → copper(II) oxide + carbon dioxide.,Chemistry,science,,,atmosphere,,,false,New,false,0,0,unknown,,,
What is the balanced equation for decomposing copper(II) carbonate?,CuCO3 → CuO + CO2.,Chemistry,science,,,atmosphere,,,false,New,false,0,0,unknown,,,
What colour change occurs when copper(II) carbonate decomposes?,Green copper(II) carbonate becomes black copper(II) oxide.,Chemistry,science,,,atmosphere,,,false,New,false,0,0,unknown,,,
What happens to limewater when carbon dioxide is bubbled through it?,It turns milky.,Chemistry,science,,,atmosphere,,,false,New,false,0,0,unknown,,,
Which ion in a metal carbonate is the source of carbon dioxide on heating?,The carbonate ion.,Chemistry,science,,,atmosphere,,,false,New,false,0,0,unknown,,,
What is a greenhouse gas?,A gas that absorbs infrared radiation emitted by Earth.,Chemistry,science,,,atmosphere,,,false,New,false,0,0,unknown,,,
How does carbon dioxide contribute to the greenhouse effect?,It absorbs outgoing infrared radiation and re-emits some energy toward Earth.,Chemistry,science,,,atmosphere,,,false,New,false,0,0,unknown,,,
Name one human activity that increases atmospheric carbon dioxide.,Burning fossil fuels.,Chemistry,science,,,atmosphere,,,false,New,false,0,0,unknown,,,
Why might rising atmospheric carbon dioxide contribute to climate change?,It strengthens the greenhouse effect and raises average global temperature.,Chemistry,science,,,atmosphere,,,false,New,false,0,0,unknown,,,
What can release sulfur dioxide into the atmosphere?,Burning fuels containing sulfur impurities.,Chemistry,science,,,atmosphere,,,false,New,false,0,0,unknown,,,
How are nitrogen oxides formed in hot engines?,Nitrogen and oxygen in air react at high temperature.,Chemistry,science,,,atmosphere,,,false,New,false,0,0,unknown,,,
How does sulfur dioxide contribute to acid rain?,It dissolves and reacts in rainwater to form acids.,Chemistry,science,,,atmosphere,,,false,New,false,0,0,unknown,,,
How do nitrogen oxides contribute to acid rain?,They react with oxygen and water to form nitric acid.,Chemistry,science,,,atmosphere,,,false,New,false,0,0,unknown,,,
What effect can acid rain have on freshwater ecosystems?,It lowers water pH and can harm aquatic organisms.,Chemistry,science,,,atmosphere,,,false,New,false,0,0,unknown,,,
Why does acid rain damage limestone buildings?,Acids react with calcium carbonate in the limestone.,Chemistry,science,,,atmosphere,,,false,New,false,0,0,unknown,,,
